[{"name":"Wag","marks":51},{"name":"NsPZwO7Ya","marks":12},{"name":"DFH4mu","marks":1},{"name":"5aE80A2LRI","marks":48},{"name":"hEaE3IMex","marks":3},{"name":"KK2Aj","marks":26},{"name":"iq1smU","marks":60},{"name":"U","marks":23},{"name":"JPD7d5","marks":75},{"name":"R","marks":51},{"name":"uig3mz","marks":89},{"name":"NDmWo","marks":12},{"name":"9yQ1pK9p","marks":15},{"name":"HV","marks":68},{"name":"oP7Ru","marks":63},{"name":"cqaC2VwDc","marks":21},{"name":"koi","marks":70},{"name":"pztVpip","marks":78},{"name":"ZGSdVRXgI","marks":55},{"name":"cUl47L2","marks":52},{"name":"NUyQf","marks":70},{"name":"ti4KAyq","marks":44},{"name":"L0","marks":57},{"name":"4","marks":68},{"name":"Wz3qRS5ohH","marks":38},{"name":"QbRYtYA","marks":52},{"name":"lwHK","marks":59},{"name":"1","marks":29},{"name":"cQT3l","marks":70},{"name":"4YPRE7","marks":42},{"name":"L2E4GFmp","marks":53},{"name":"mqYxa","marks":52},{"name":"S","marks":6},{"name":"7","marks":86},{"name":"ZYtV","marks":58},{"name":"yzd7UP5ml5","marks":40},{"name":"hnjS0Y","marks":32},{"name":"7W16","marks":58},{"name":"nQtm","marks":5},{"name":"rD4kD","marks":76},{"name":"2cJ","marks":96},{"name":"IeChoxV2L","marks":76},{"name":"tDG","marks":24},{"name":"q9Xvy7","marks":73},{"name":"dJglQSEcv","marks":71},{"name":"Oi","marks":34},{"name":"PE","marks":14},{"name":"x4jtYuv","marks":21},{"name":"SalOzh","marks":80},{"name":"O6Y","marks":69},{"name":"g","marks":78},{"name":"ySiNtwJ","marks":43},{"name":"UqP3VjyDD","marks":55},{"name":"4P","marks":83},{"name":"6","marks":85},{"name":"HQ4gCdGMa","marks":38},{"name":"A5bJ2xs","marks":66},{"name":"m75ha","marks":33},{"name":"3VQxeS8","marks":62},{"name":"9Dcd6X","marks":23},{"name":"pTi0","marks":64},{"name":"PqhN1Ru5","marks":10},{"name":"DS5l","marks":99},{"name":"bTxrIq","marks":57},{"name":"xNK","marks":7},{"name":"ZN","marks":74},{"name":"AUnF2S","marks":8},{"name":"mcrE81r52a","marks":60},{"name":"AJ","marks":40},{"name":"E","marks":39},{"name":"uNcz","marks":88},{"name":"WIC1","marks":85},{"name":"ap8C04Ds","marks":70},{"name":"NNhIBKaj","marks":36},{"name":"bPdy","marks":63},{"name":"zE1f","marks":95},{"name":"xM30yEqxL7","marks":57},{"name":"vEICw","marks":3},{"name":"z","marks":78},{"name":"cRY1R","marks":42},{"name":"ERgB","marks":37},{"name":"N","marks":98},{"name":"0iQ50","marks":47},{"name":"RfJ0","marks":45},{"name":"0IfH2T7","marks":20},{"name":"uiN","marks":53},{"name":"j","marks":13},{"name":"O","marks":51},{"name":"S8VNFh","marks":39},{"name":"5","marks":35},{"name":"V1iDG","marks":25},{"name":"QX","marks":55},{"name":"GVstRay","marks":82},{"name":"PkT","marks":34},{"name":"eg89ACr","marks":49},{"name":"6IJdJT4h","marks":55},{"name":"Jjw447cFE","marks":62},{"name":"h","marks":36},{"name":"lU","marks":94},{"name":"zuP","marks":56}]